Drug,Age,Condition,Date,EaseofUse,Satisfaction,Sex,UsefulCount,Effectiveness
15dm-100gfn-5peh,25-34,Cold Symptoms,8/20/15,3,1,Male,0,5
a + d ointment, ,Other,8/30/16,3,3, ,0,2
a thru z tablet, ,Lack in Minerals,9/3/10,5,5, ,0,5
a-hydrocort vial, ,Disease in which Body has Immune Response Against Itself,1/7/08,3,4,Male,3,3
aa#8-carn-grape-cocoa-hrb#126 capsule, ,Other,9/22/10,5,5, ,0,5
abacavir, ,HIV,7/21/09,3,3, ,0,3
"abatacept (with maltose) solution, reconstituted (recon soln)",25-34,Rheumatoid Arthritis,8/4/08,3,3,Male,3,3
abraxane vial,55-64,Breast Cancer that has Spread to Another Part of the Body,10/6/12,4,4,Female,16,5
abreva cream,55-64,Cold Sore,12/19/19,5,5,Female,0,5
abreva cream, ,Cold Sore,11/28/07,2,1, ,4,2
abreva cream, ,Cold Sore,11/19/07,5,5, ,2,5
abreva cream,13-18,Cold Sore,12/7/09,5,4,Female,0,3
absorica,25-34,Severe Difficult to Treat Nodular Acne,5/16/17,1,1,Female,1,1
acai capsule,25-34,Other,10/28/09,3,3,Female,3,3
acarbose,25-34,Type 2 Diabetes Mellitus,10/31/09,5,5,Female,1,5
accupril, ,High Blood Pressure,2/23/09,3,3, ,2,3
acerola c wafer, ,Inadequate Vitamin C,9/22/10,5,5, ,0,5
acetaminophen, ,Pain,4/22/10,2,2, ,0,5
acetaminophen, ,Muscle Pain,12/8/09,5,5, ,1,4
acetaminophen, ,Other,1/25/09,5,5, ,0,5
acetaminophen, ,Head Pain,4/11/08,3,3, ,0,3
acetaminophen, ,Pain,9/18/07,5,4, ,3,4
acetaminophen, ,Toothache,9/17/07,5,3, ,1,3
acetaminophen, ,Migraine Headache,9/17/07,5,2, ,0,2
acetaminophen,13-18,Head Pain,2/1/16,3,3,Male,0,4
acetaminophen,13-18,Pain,12/9/09,5,4,Male,1,4
acetaminophen,13-18,Head Pain,11/30/08,5,5,Female,0,5
acetaminophen,19-24,Migraine Headache,4/24/14,4,3,Female,0,3
acetaminophen,19-24,Backache,1/3/14,2,4,Female,11,2
acetaminophen,19-24,Pain,5/18/10,5,2,Female,0,1
acetaminophen,19-24,Head Pain,11/4/07,5,2,Male,2,2
acetaminophen,19-24,Muscle Pain,11/4/07,4,5,Male,1,4
acetaminophen,19-24,Head Pain,10/29/07,5,1,Female,1,1
acetaminophen,25-34,Migraine Headache,1/7/13,5,5,Male,0,5
acetaminophen,25-34,Backache,8/25/12,5,5,Male,4,5
acetaminophen,25-34,Pain,11/27/08,5,1,Female,1,2
acetaminophen,25-34,Painful Periods,2/13/08,4,5,Female,1,4
acetaminophen (bulk) 100 % powder, ,Other,7/30/09,5,5, ,0,5
acetaminophen extra strength, ,Head Pain,1/7/10,5,3, ,0,4
acetaminophen pm, ,Allergic Conjunctivitis,12/7/11,5,5, ,0,5
"acetaminophen suppository, rectal", ,Pain associated with Arthritis,11/12/10,5,5, ,0,5
"acetaminophen suppository, rectal",25-34,Other,2/1/11,2,2,Male,3,2
acetaminophen-codeine, ,Pain,1/9/18,5,5, ,2,5
acetaminophen-codeine, ,Pain,11/18/07,5,2, ,4,1
acetaminophen-codeine,13-18,Pain,9/28/14,4,5,Female,2,5
acetaminophen-codeine,19-24,Pain,10/25/10,5,5,Male,1,5
acetaminophen-codeine,19-24,Pain,9/30/08,1,1,Female,1,1
acetaminophen-codeine,25-34,Pain,10/10/14,5,2,Male,0,1
acetaminophen-codeine,25-34,Pain,12/2/07,4,5,Female,4,5
acetazolamide,13-18,Pseudotumor Cerebri,4/11/11,1,1,Female,2,4
acetazolamide,25-34,Altitude Sickness,9/26/12,5,5,Female,3,5
acetylcysteine 100 mg/ml (10 %) solution,19-24,An Increase in the Thickness of Lung Secretions,11/30/17,5,5,Male,0,5
acidophilus chewable tablet,25-34,Diarrhea,3/26/12,5,5,Female,0,5
acidophilus chewable tablet,25-34,Diarrhea,3/6/10,5,5,Female,0,5
acidophilus probiotic capsule, ,Other,4/10/14,3,2, ,0,3
acidophilus tablet,6-Mar,Diarrhea,8/2/10,5,5,Male,0,5
acidophilus tablet, ,Other,3/10/12,5,5, ,0,5
aciphex, ,Condition in which Stomach Acid is Pushed Into the Esophagus,5/3/11,5,2, ,1,3
aciphex, ,Condition in which Stomach Acid is Pushed Into the Esophagus,11/17/08,5,5, ,0,5
aciphex, ,Condition of Increased Mast Cells,7/11/08,5,5, ,0,5
aciphex, ,Symptoms Accompanying Esophageal Reflux of Stomach Acid,10/23/07,5,5, ,3,5
aciphex, ,Medication Treatment for Healing Gastroesophageal Reflux,9/28/07,3,3, ,4,3
aciphex, ,Excessive Production of Stomach Acid,9/23/07,5,3, ,1,3
aciphex,19-24,Excessive Production of Stomach Acid,11/14/07,4,4,Female,3,4
aciphex,25-34,Other,8/16/14,5,5,Female,0,5
aciphex,25-34,Ulcer of Duodenum caused by Bacteria Helicobacter Pylori,10/8/08,5,5,Female,0,5
aciphex,25-34,Medication Treatment for Healing Gastroesophageal Reflux,1/1/08,4,4,Male,2,4
aciphex,25-34,Symptoms Accompanying Esophageal Reflux of Stomach Acid,9/22/07,5,5,Male,5,5
aciphex,25-34,Condition in which Stomach Acid is Pushed Into the Esophagus,9/21/07,1,2,Female,7,3
acitretin,25-34,Severe Psoriasis that is Resistant to Treatment,1/4/15,3,1,Male,5,1
acneclear gel,25-34,Acne,10/18/07,5,5,Female,3,5
acthar 80 unit/ml injection gel corticotropins, ,Sarcoidosis,5/23/15,5,5, ,1,5
acthar 80 unit/ml injection gel corticotropins,13-18,Asthma,2/15/11,3,4,Female,0,4
actidose-aqua,25-34,Other,8/5/10,3,2,Female,0,2
actigall, ,Rare Progressive Liver Disease - Primary Biliary Cirrhosis,10/19/09,5,5,Female,6,5
activella, ,"""Change of Life"" Signs",11/29/09,5,4, ,2,4
actonel, ,Decreased Bone Mass Following Menopause,9/24/07,3,3, ,8,2
actonel 150 mg tablet, ,Decreased Bone Mass Following Menopause,9/24/07,3,3, ,8,2
actonel 35 mg tablet, ,Decreased Bone Mass Following Menopause,9/24/07,3,3, ,8,2
actonel tablet osteoporosis agents, ,Decreased Bone Mass Following Menopause,9/24/07,3,3, ,8,2
actoplus met,55-64,Type 2 Diabetes Mellitus,10/14/07,4,4,Female,4,4
actos,13-18,Other,7/20/19,5,5,Female,0,5
actos,55-64,Other,4/29/14,1,1,Male,32,1
actos, ,Type 2 Diabetes Mellitus,10/29/19,3,3, ,0,3
actos, ,Other,10/29/19,3,3, ,0,3
actos, ,Type 2 Diabetes Mellitus,10/27/11,2,2, ,6,2
actos, ,Other,7/12/11,3,4, ,0,4
actos, ,Type 2 Diabetes Mellitus,8/13/09,3,2, ,2,2
actos, ,Type 2 Diabetes Mellitus,6/10/09,5,5, ,0,5
actos, ,Type 2 Diabetes Mellitus,5/5/09,3,3, ,0,3
actos, ,Type 2 Diabetes Mellitus,9/24/08,5,5, ,1,5
actos, ,Type 2 Diabetes Mellitus,8/1/08,3,3, ,0,3
actos, ,Other,1/31/08,4,4, ,1,4
actos, ,Other,12/10/07,3,3, ,4,4
actos, ,Type 2 Diabetes Mellitus,11/19/07,4,5,Female,8,4
actos, ,Type 2 Diabetes Mellitus,10/9/07,5,5, ,9,4
actos,19-24,Type 2 Diabetes Mellitus,1/18/09,3,4,Male,1,4
actos,25-34,Type 2 Diabetes Mellitus,5/13/16,5,5,Male,7,5
actos,25-34,Type 2 Diabetes Mellitus,4/16/09,5,1,Female,1,2
adderall,6-Mar,Attention Deficit Disorder with Hyperactivity,9/30/09,2,2, ,2,2
adderall,6-Mar,Attention Deficit Disorder with Hyperactivity,5/13/14,5,5,Male,0,5
adderall,6-Mar,Attention Deficit Disorder with Hyperactivity,8/28/09,1,1,Female,0,1
adderall,6-Mar,Attention Deficit Disorder with Hyperactivity,6/20/12,5,5,Male,1,5
adderall,6-Mar,Recurring Sleep Episodes During the Day,8/12/08,4,4,Male,2,4
adderall,6-Mar,Attention Deficit Disorder with Hyperactivity,5/23/11,3,3,Female,1,3
adderall,6-Mar,Attention Deficit Disorder with Hyperactivity,2/14/11,5,5,Male,0,4
adderall,6-Mar,Attention Deficit Disorder with Hyperactivity,10/25/07,5,5,Male,2,5
adderall,12-Jul,Attention Deficit Disorder with Hyperactivity,6/6/13,1,1,Male,6,1
adderall,12-Jul,Attention Deficit Disorder with Hyperactivity,4/14/13,5,4,Female,1,4
adderall,12-Jul,Attention Deficit Disorder with Hyperactivity,6/28/10,5,2,Female,1,1
adderall,12-Jul,Attention Deficit Disorder with Hyperactivity,2/17/12,3,1,Male,2,2
adderall,12-Jul,Attention Deficit Disorder with Hyperactivity,2/8/08,3,3,Male,2,4
adderall,12-Jul,Attention Deficit Disorder with Hyperactivity,12/1/07,5,4,Male,0,5
adderall,12-Jul,Attention Deficit Disorder with Hyperactivity,11/4/07,5,4,Male,2,4
adderall,12-Jul,Attention Deficit Disorder with Hyperactivity,10/28/10,5,5,Female,1,5
adderall, ,Attention Deficit Disorder with Hyperactivity,2/20/14,5,5, ,2,5
adderall, ,Attention Deficit Disorder with Hyperactivity,9/1/13,1,4,Female,0,4
adderall, ,Recurring Sleep Episodes During the Day,6/13/13,5,5,Female,0,5
adderall, ,Attention Deficit Disorder with Hyperactivity,12/3/09,4,3, ,0,3
adderall, ,Recurring Sleep Episodes During the Day,7/2/10,4,4,Female,0,4
adderall, ,Attention Deficit Disorder with Hyperactivity,6/22/10,3,3, ,1,4
adderall, ,Attention Deficit Disorder with Hyperactivity,3/29/10,2,3,Female,0,2
adderall, ,Other,3/28/10,3,3, ,0,3
adderall, ,Attention Deficit Disorder with Hyperactivity,5/28/12,5,5, ,1,5
adderall, ,Attention Deficit Disorder with Hyperactivity,8/12/09,5,5, ,1,5
adderall, ,Other,7/24/09,3,3, ,0,3
adderall, ,Attention Deficit Disorder with Hyperactivity,7/9/09,3,3, ,0,1
adderall, ,Other,6/22/09,3,3, ,0,3
adderall, ,Other,7/20/12,4,3, ,0,5
adderall, ,Attention Deficit Disorder with Hyperactivity,5/15/12,5,5,Female,0,5
adderall, ,Attention Deficit Disorder with Hyperactivity,1/20/09,5,2, ,0,4
adderall, ,Attention Deficit Disorder with Hyperactivity,11/19/08,4,4, ,0,3
adderall, ,Other,5/16/11,4,5, ,0,4
adderall, ,Attention Deficit Disorder with Hyperactivity,4/18/11,5,5, ,1,5
adderall, ,Attention Deficit Disorder with Hyperactivity,4/30/08,5,5,Male,1,5
adderall, ,Attention Deficit Disorder with Hyperactivity,12/25/07,5,4, ,1,5
adderall, ,Other,1/13/11,4,4, ,0,4
adderall, ,Attention Deficit Disorder with Hyperactivity,1/11/11,4,4, ,1,4
adderall, ,Attention Deficit Disorder with Hyperactivity,10/11/10,5,4, ,0,3
adderall, ,Attention Deficit Disorder with Hyperactivity,9/13/10,3,3, ,1,3
adderall, ,Recurring Sleep Episodes During the Day,8/30/10,5,3, ,0,3
adderall, ,Recurring Sleep Episodes During the Day,8/9/10,2,2, ,0,2
adderall,13-18,Attention Deficit Disorder with Hyperactivity,8/22/15,5,4,Male,4,4
adderall,13-18,Attention Deficit Disorder with Hyperactivity,5/19/10,1,1,Male,1,1
adderall,13-18,Attention Deficit Disorder with Hyperactivity,12/2/12,4,2, ,1,2
adderall,13-18,Attention Deficit Disorder with Hyperactivity,11/7/12,3,3,Male,0,4
adderall,13-18,Attention Deficit Disorder with Hyperactivity,1/12/12,4,4,Male,3,4
adderall,13-18,Attention Deficit Disorder with Hyperactivity,12/30/11,1,1,Male,0,1
adderall,13-18,Attention Deficit Disorder with Hyperactivity,1/4/08,2,1,Male,3,1
adderall,13-18,Attention Deficit Disorder with Hyperactivity,12/23/07,5,5,Male,3,4
adderall,13-18,Attention Deficit Disorder with Hyperactivity,11/29/07,1,1,Male,3,1
adderall,13-18,Attention Deficit Disorder with Hyperactivity,9/28/07,5,3,Female,1,4
adderall,19-24,Attention Deficit Disorder with Hyperactivity,7/28/16,5,5, ,2,5
adderall,19-24,Attention Deficit Disorder with Hyperactivity,12/16/13,1,1,Male,2,1
adderall,19-24,Attention Deficit Disorder with Hyperactivity,1/26/10,3,4,Female,0,4
adderall,19-24,Attention Deficit Disorder with Hyperactivity,10/30/09,5,5,Female,2,5
adderall,19-24,Attention Deficit Disorder with Hyperactivity,10/19/09,4,4,Female,2,4
adderall,19-24,Other,6/29/09,4,4,Female,0,4
adderall,19-24,Attention Deficit Disorder with Hyperactivity,2/27/14,5,5,Male,3,5
adderall,19-24,Attention Deficit Disorder with Hyperactivity,6/2/10,5,5,Female,0,5
adderall,19-24,Recurring Sleep Episodes During the Day,4/25/10,4,4,Female,0,3
adderall,19-24,Other,3/20/13,4,4,Female,1,5
adderall,19-24,Attention Deficit Disorder with Hyperactivity,9/4/09,5,5,Female,4,5
adderall,19-24,Other,8/28/09,5,5,Female,1,5
adderall,19-24,Attention Deficit Disorder with Hyperactivity,7/8/09,4,4,Male,0,4
adderall,19-24,Other,3/22/12,3,3,Female,0,4
adderall,19-24,Attention Deficit Disorder with Hyperactivity,4/6/09,5,5,Female,3,5
adderall,19-24,Attention Deficit Disorder with Hyperactivity,11/1/08,4,4,Female,1,4
adderall,19-24,Other,5/10/11,5,5,Female,1,5
adderall,19-24,Attention Deficit Disorder with Hyperactivity,2/12/11,3,3,Male,0,3
adderall,19-24,Attention Deficit Disorder with Hyperactivity,12/13/10,3,2,Male,0,5
adderall,19-24,Attention Deficit Disorder with Hyperactivity,11/24/07,5,5,Female,0,5
adderall,19-24,Attention Deficit Disorder with Hyperactivity,10/25/07,5,5,Female,1,5
adderall,19-24,Attention Deficit Disorder with Hyperactivity,9/27/07,4,5,Female,0,4
adderall,25-34,Attention Deficit Disorder with Hyperactivity,2/19/14,5,4,Female,1,5
adderall,25-34,Attention Deficit Disorder with Hyperactivity,12/22/13,5,5,Male,4,5
adderall,25-34,Other,11/2/13,3,5,Female,0,4
adderall,25-34,Attention Deficit Disorder with Hyperactivity,10/20/13,5,5,Female,4,5
adderall,25-34,Attention Deficit Disorder with Hyperactivity,1/14/10,3,3,Female,0,3
adderall,25-34,Recurring Sleep Episodes During the Day,12/9/09,3,1,Male,0,2
adderall,25-34,Attention Deficit Disorder with Hyperactivity,9/3/14,5,5,Male,3,5
adderall,25-34,Attention Deficit Disorder with Hyperactivity,8/5/14,5,5,Female,1,4
adderall,25-34,Other,4/2/14,1,1,Female,0,1
adderall,25-34,Attention Deficit Disorder with Hyperactivity,2/22/14,5,4,Female,2,5
adderall,25-34,Recurring Sleep Episodes During the Day,7/2/10,4,4,Male,0,4
adderall,25-34,Attention Deficit Disorder with Hyperactivity,4/21/10,3,3,Female,1,3
adderall,25-34,Other,2/13/13,5,5,Male,1,4
adderall,25-34,Attention Deficit Disorder with Hyperactivity,12/5/12,5,5,Female,2,5
adderall,25-34,Attention Deficit Disorder with Hyperactivity,9/15/09,3,4,Female,0,4
adderall,25-34,Attention Deficit Disorder with Hyperactivity,8/24/09,4,2,Female,0,2
adderall,25-34,Attention Deficit Disorder with Hyperactivity,6/17/09,5,5,Male,1,5
adderall,25-34,Attention Deficit Disorder with Hyperactivity,7/19/12,5,3,Female,0,3
adderall,25-34,Attention Deficit Disorder with Hyperactivity,4/5/12,4,5,Female,1,4
adderall,25-34,Attention Deficit Disorder with Hyperactivity,4/2/12,5,5,Male,0,5
adderall,25-34,Attention Deficit Disorder with Hyperactivity,2/1/12,5,4, ,0,5
adderall,25-34,Attention Deficit Disorder with Hyperactivity,3/30/09,3,4,Female,0,4
adderall,25-34,Attention Deficit Disorder with Hyperactivity,3/11/09,5,5,Male,3,4
adderall,25-34,Attention Deficit Disorder with Hyperactivity,12/21/08,5,5,Male,1,5
adderall,25-34,Attention Deficit Disorder with Hyperactivity,10/21/11,5,3,Female,1,5
adderall,25-34,Recurring Sleep Episodes During the Day,9/20/11,5,4,Male,0,4
adderall,25-34,Recurring Sleep Episodes During the Day,11/13/08,5,5,Male,1,5
adderall,25-34,Attention Deficit Disorder with Hyperactivity,10/24/08,4,4,Female,1,4
adderall,25-34,Attention Deficit Disorder with Hyperactivity,9/15/08,3,3,Female,2,4
adderall,25-34,Attention Deficit Disorder with Hyperactivity,5/21/08,1,1,Female,1,1
adderall,25-34,Attention Deficit Disorder with Hyperactivity,5/12/08,4,4,Female,2,4
adderall,25-34,Attention Deficit Disorder with Hyperactivity,5/11/11,4,4,Male,0,4
adderall,25-34,Attention Deficit Disorder with Hyperactivity,4/28/11,5,5,Male,1,5
adderall,25-34,Attention Deficit Disorder with Hyperactivity,4/27/11,3,3,Female,0,3
adderall,25-34,Other,4/18/11,5,5,Female,0,5
adderall,25-34,Other,1/1/08,1,5,Female,2,5
adderall,25-34,Attention Deficit Disorder with Hyperactivity,12/29/07,4,5,Female,3,5
adderall,25-34,Other,12/4/07,5,5,Female,0,5
adderall,25-34,Attention Deficit Disorder with Hyperactivity,3/2/11,5,5,Female,1,5
adderall,25-34,Recurring Sleep Episodes During the Day,2/6/11,2,1,Female,0,3
adderall,25-34,Other,12/26/10,5,4,Female,0,4
adderall,25-34,Attention Deficit Disorder with Hyperactivity,10/26/07,4,5,Female,3,5
adderall,25-34,Attention Deficit Disorder with Hyperactivity,10/9/07,4,4,Male,0,4
adderall,25-34,Attention Deficit Disorder with Hyperactivity,11/14/10,5,5,Female,0,5
adderall,25-34,Attention Deficit Disorder with Hyperactivity,10/7/10,5,4,Female,0,5
adderall,25-34,Attention Deficit Disorder with Hyperactivity,10/4/10,5,3,Female,1,3
adderall,25-34,Other,5/30/10,5,5,Male,0,5
adderall,25-34,Attention Deficit Disorder with Hyperactivity,7/29/10,5,4,Male,1,5
adderall,25-34,Attention Deficit Disorder with Hyperactivity,7/28/10,5,5,Female,0,5
adderall,25-34,Other,7/9/10,5,5,Male,0,5
adderall xr,6-Mar,Attention Deficit Disorder with Hyperactivity,11/16/10,5,3,Female,0,3
adderall xr,6-Mar,Attention Deficit Disorder with Hyperactivity,9/29/10,4,4,Female,1,4
adderall xr,6-Mar,Attention Deficit Disorder with Hyperactivity,2/10/10,5,3,Male,0,4
adderall xr,12-Jul,Attention Deficit Disorder with Hyperactivity,1/10/12,4,4,Female,0,4
adderall xr,12-Jul,Attention Deficit Disorder with Hyperactivity,3/12/09,5,4,Female,1,3
adderall xr,12-Jul,Other,10/17/08,3,2,Female,1,2
adderall xr,12-Jul,Attention Deficit Disorder with Hyperactivity,10/5/10,5,5,Female,2,5
adderall xr,12-Jul,Attention Deficit Disorder with Hyperactivity,10/22/07,4,4,Female,0,4
adderall xr, ,Attention Deficit Disorder with Hyperactivity,9/8/09,4,3, ,0,2
adderall xr, ,Attention Deficit Disorder with Hyperactivity,6/28/09,5,5,Female,0,5
adderall xr, ,Attention Deficit Disorder with Hyperactivity,11/3/10,5,4, ,1,4
adderall xr, ,Attention Deficit Disorder with Hyperactivity,10/29/10,4,5, ,2,5
adderall xr, ,Attention Deficit Disorder with Hyperactivity,8/10/10,4,4, ,1,4
adderall xr, ,Attention Deficit Disorder with Hyperactivity,3/11/10,4,4, ,0,3
adderall xr, ,Attention Deficit Disorder with Hyperactivity,11/9/09,5,5,Female,0,5
adderall xr, ,Attention Deficit Disorder with Hyperactivity,10/31/09,4,4, ,0,3
adderall xr, ,Attention Deficit Disorder with Hyperactivity,6/12/08,5,5, ,1,4
adderall xr, ,Attention Deficit Disorder with Hyperactivity,9/22/07,5,5, ,2,5
adderall xr,13-18,Attention Deficit Disorder with Hyperactivity,4/14/10,4,5,Female,2,5
adderall xr,13-18,Attention Deficit Disorder with Hyperactivity,2/25/10,3,3,Male,0,4
adderall xr,13-18,Attention Deficit Disorder with Hyperactivity,2/2/09,4,4,Male,0,5
adderall xr,13-18,Attention Deficit Disorder with Hyperactivity,9/1/08,3,3,Female,0,3
adderall xr,13-18,Attention Deficit Disorder with Hyperactivity,9/28/07,5,5,Male,1,5
adderall xr,19-24,Attention Deficit Disorder with Hyperactivity,7/10/13,5,5,Female,3,5
adderall xr,19-24,Attention Deficit Disorder with Hyperactivity,4/12/09,4,3,Female,1,2
adderall xr,19-24,Attention Deficit Disorder with Hyperactivity,10/6/08,4,5,Male,0,5
adderall xr,19-24,Attention Deficit Disorder with Hyperactivity,2/24/10,5,5,Female,1,5
adderall xr,19-24,Other,10/24/09,5,5,Female,1,5
adderall xr,19-24,Attention Deficit Disorder with Hyperactivity,2/26/09,5,5,Female,0,5
adderall xr,19-24,Attention Deficit Disorder with Hyperactivity,2/19/09,3,3,Female,0,4
adderall xr,19-24,Attention Deficit Disorder with Hyperactivity,2/29/08,5,4,Male,1,4
adderall xr,19-24,Attention Deficit Disorder with Hyperactivity,1/7/08,5,5,Female,2,5
adderall xr,19-24,Other,11/5/07,5,5,Female,4,5
adderall xr,19-24,Attention Deficit Disorder with Hyperactivity,11/1/07,5,4,Female,0,4
adderall xr,25-34,Recurring Sleep Episodes During the Day,10/9/12,5,5,Female,1,5
adderall xr,25-34,Other,9/4/09,5,5,Female,1,5
adderall xr,25-34,Attention Deficit Disorder with Hyperactivity,8/31/09,4,4,Male,4,4
adderall xr,25-34,Attention Deficit Disorder with Hyperactivity,8/29/09,4,5,Male,2,5
adderall xr,25-34,Attention Deficit Disorder with Hyperactivity,7/30/09,5,5,Female,1,5
adderall xr,25-34,Attention Deficit Disorder with Hyperactivity,7/29/09,5,5,Male,1,5
adderall xr,25-34,Attention Deficit Disorder with Hyperactivity,7/3/09,5,5,Female,0,5
adderall xr,25-34,Attention Deficit Disorder with Hyperactivity,1/29/09,2,1,Male,1,2
adderall xr,25-34,Attention Deficit Disorder with Hyperactivity,3/7/09,5,5,Female,0,4
adderall xr,25-34,Attention Deficit Disorder with Hyperactivity,10/13/08,5,5,Female,0,5
adderall xr,25-34,Attention Deficit Disorder with Hyperactivity,10/25/11,4,4,Female,0,5
adderall xr,25-34,Attention Deficit Disorder with Hyperactivity,6/26/10,5,5,Female,2,5
adderall xr,25-34,Attention Deficit Disorder with Hyperactivity,10/1/08,5,5,Female,0,5
adderall xr,25-34,Attention Deficit Disorder with Hyperactivity,1/1/10,5,5,Female,1,5
adderall xr,25-34,Attention Deficit Disorder with Hyperactivity,11/27/09,1,1,Female,1,1
adderall xr,25-34,Attention Deficit Disorder with Hyperactivity,4/30/08,5,4,Female,1,4
adderall xr,25-34,Attention Deficit Disorder with Hyperactivity,12/17/07,5,4,Female,1,4
adenosine 3 mg/ml intravenous solution, ,Paroxysmal Supraventricular Tachycardia,11/6/07,4,4, ,0,3
adipex-p,25-34,Overweight,4/1/09,3,3,Female,3,3
adipex-p, ,Overweight,4/5/10,3,4,Female,0,4
adipex-p, ,Overweight,10/17/07,4,5, ,2,4
adipex-p, ,Overweight,10/2/11,4,4, ,0,4
adipex-p, ,Overweight,5/11/10,4,3, ,0,3
adipex-p, ,Overweight,5/11/10,4,4, ,0,4
adipex-p, ,Overweight,4/20/11,5,5, ,1,5
adipex-p, ,Overweight,8/1/08,3,3, ,0,3
adipex-p, ,Overweight,1/2/08,5,5, ,0,5
adipex-p, ,Overweight,3/15/09,1,1, ,0,1
adipex-p,19-24,Overweight,2/22/11,5,5,Female,2,5
adipex-p,19-24,Overweight,8/26/09,5,5,Female,2,5
adipex-p,25-34,Overweight,3/26/10,3,4,Female,0,4
adipex-p,25-34,Overweight,3/23/10,5,5, ,0,5
adipex-p,25-34,Other,3/19/10,3,3,Female,0,3
adipex-p,25-34,Overweight,3/14/10,4,4,Female,3,4
adipex-p,25-34,Overweight,11/14/09,3,4,Female,0,3
adipex-p,25-34,Overweight,10/21/07,3,3,Female,2,3
adipex-p,25-34,Overweight,9/24/07,5,5,Female,16,5
adipex-p,25-34,Overweight,9/20/07,5,5,Female,13,5
adipex-p,25-34,Overweight,9/18/07,4,4,Female,8,4
adipex-p,25-34,Overweight,12/10/11,4,4,Male,0,4
adipex-p,25-34,Overweight,9/15/11,4,5,Female,1,4
adipex-p,25-34,Overweight,3/29/11,4,3,Female,0,3
adipex-p,25-34,Overweight,5/12/08,5,4,Female,0,4
adipex-p,25-34,Overweight,11/6/10,5,4,Female,0,5
adipex-p,25-34,Overweight,5/16/10,5,5,Female,0,4
adipex-p,25-34,Overweight,2/18/08,5,5,Female,0,5
adipex-p,25-34,Overweight,11/18/09,4,5,Female,0,5
adipex-p,25-34,Overweight,10/16/09,5,2,Female,1,3
adipex-p,25-34,Overweight,9/25/09,4,5,Female,0,4
adipex-p,25-34,Overweight,9/5/09,3,3,Female,0,2
adipex-p,25-34,Overweight,8/5/09,5,5,Female,0,5
adipex-p,25-34,Overweight,6/23/09,5,5,Female,0,5
adipex-p,25-34,Overweight,5/29/09,4,3,Female,1,3
adipex-p,25-34,Overweight,5/7/09,5,5,Female,0,5
adipex-p,25-34,Overweight,4/3/09,5,5,Female,0,5
adipex-p,25-34,Overweight,2/19/09,5,5,Female,0,5
adipex-p,25-34,Overweight,9/24/08,5,5,Female,1,5
adrenalin chloride vial,25-34,Life Threatening Allergic Reaction,4/6/11,1,1,Female,0,4
"advair diskus blister, with inhalation device",12-Jul,Asthma,10/13/08,5,5,Female,1,5
"advair diskus blister, with inhalation device", ,COPD with Chronic Bronchitis,2/24/12,5,4, ,0,4
"advair diskus blister, with inhalation device", ,Asthma,7/1/12,4,4,Female,3,4
"advair diskus blister, with inhalation device", ,Allergic Asthma,6/2/12,5,5,Female,0,5
"advair diskus blister, with inhalation device", ,COPD with Chronic Bronchitis,3/15/12,5,3,Female,0,5
"advair diskus blister, with inhalation device", ,Asthma,4/10/10,5,4,Female,0,3
"advair diskus blister, with inhalation device", ,COPD with Chronic Bronchitis,2/11/08,5,5, ,1,4
"advair diskus blister, with inhalation device", ,Bronchospasm,12/30/07,3,3, ,0,3
"advair diskus blister, with inhalation device", ,COPD with Chronic Bronchitis,10/19/07,5,5, ,9,5
"advair diskus blister, with inhalation device",13-18,Allergic Asthma,12/6/11,5,5,Female,0,5
"advair diskus blister, with inhalation device",19-24,Asthma,12/21/08,5,5,Male,0,5
"advair diskus blister, with inhalation device",19-24,Asthma,9/27/07,5,5,Female,2,5
"advair diskus blister, with inhalation device",25-34,Asthma,9/18/11,5,4,Female,4,4
"advair diskus blister, with inhalation device",25-34,Asthma,5/20/11,5,5,Male,0,5
"advair diskus blister, with inhalation device",25-34,Asthma,6/27/09,5,5,Female,1,5
"advair diskus blister, with inhalation device",25-34,Asthma,1/14/08,5,4,Female,0,4
"advair diskus blister, with inhalation device",25-34,Asthma,11/1/07,5,5,Female,0,5
advate vial,19-24,Bleeding in Hemophilia A,11/11/09,5,5,Male,1,5
advil,19-24,Rheumatoid Arthritis,9/25/07,4,3,Female,1,2
advil,25-34,Pain,6/24/09,5,5,Male,4,5
advil cold & sinus,13-18,Sinus Headache,1/28/09,5,5,Male,0,5
advil cold & sinus,25-34,Other,1/9/08,5,5,Female,2,5
advil migraine,25-34,Migraine Headache,12/21/07,5,5,Female,0,5
advil tablet, ,Joint Damage causing Pain and Loss of Function,10/15/09,4,4,Male,0,4
advil tablet, ,Pain,6/19/08,5,4, ,4,4
advil tablet, ,Fever,5/28/08,5,4, ,0,4
advil tablet, ,Fever,9/18/07,4,4, ,1,4
"advil tablet, chewable", ,Joint Damage causing Pain and Loss of Function,10/15/09,4,4,Male,0,4
"advil tablet, chewable", ,Pain,6/19/08,5,4, ,4,4
"advil tablet, chewable", ,Fever,5/28/08,5,4, ,0,4
"advil tablet, chewable", ,Fever,9/18/07,4,4, ,1,4
adzenys xr-odt,19-24,Attention Deficit Disorder with Hyperactivity,9/22/16,5,5,Female,4,5
afrezza cartridge with inhaler, ,Other,4/9/15,5,5,Male,4,5
afrezza cartridge with inhaler,25-34,Diabetes,4/10/15,1,1,Female,0,1
"afrin spray, non-aerosol",25-34,Stuffy Nose,10/15/07,4,4,Male,3,5
aftera,25-34,Postcoital Contraception,8/9/17,5,5,Female,0,5
aftera,25-34,Postcoital Contraception,7/10/17,4,3,Female,0,4
alba-derm cream,25-34,Other,8/25/11,5,5,Female,0,5
albenza,25-34,Skin Lesion caused by Worms,8/15/16,5,5,Female,1,5
albuterol sulfate,6-Mar,Bronchospasm,3/25/08,1,2,Male,0,1
albuterol sulfate,12-Jul,Bronchitis,12/3/14,5,5,Male,2,5
albuterol sulfate (bulk) powder, ,Other,10/23/11,5,5, ,0,4
albuterol sulfate 2.5 mg/0.5 ml solution for nebulization,6-Mar,Asthma,11/17/09,4,1,Female,2,1
albuterol sulfate 2.5 mg/0.5 ml solution for nebulization,25-34,Asthma,4/15/09,5,5,Female,1,5
albuterol sulfate 90 mcg/actuation breath activated powder inhaler,6-Mar,Asthma,11/17/09,4,1,Female,2,1
albuterol sulfate 90 mcg/actuation breath activated powder inhaler,25-34,Asthma,4/15/09,5,5,Female,1,5
albuterol sulfate hfa aerosol with adapter beta-adrenergic agents short-acting (inhaled),6-Mar,Asthma,11/17/09,4,1,Female,2,1
albuterol sulfate hfa aerosol with adapter beta-adrenergic agents short-acting (inhaled),25-34,Asthma,4/15/09,5,5,Female,1,5
albuterol sulfate tablet,6-Mar,Bronchospasm,3/25/08,1,2,Male,0,1
albuterol sulfate tablet,12-Jul,Bronchitis,12/3/14,5,5,Male,2,5
"albuterol sulfate tablet, extended release 12 hr",6-Mar,Bronchospasm,3/25/08,1,2,Male,0,1
"albuterol sulfate tablet, extended release 12 hr",12-Jul,Bronchitis,12/3/14,5,5,Male,2,5
albuterol sulfate vial for nebulizer beta-adrenergic agents short-acting (inhaled),6-Mar,Asthma,11/17/09,4,1,Female,2,1
albuterol sulfate vial for nebulizer beta-adrenergic agents short-acting (inhaled),25-34,Asthma,4/15/09,5,5,Female,1,5
aldactone, ,Visible Water Retention,1/30/11,3,2, ,0,2
alecensa, ,Other,1/27/16,5,5, ,1,5
aleve, ,Head Pain,10/28/19,4,4, ,0,4
aleve, ,Rheumatoid Arthritis,5/10/10,5,5, ,0,3
aleve,13-18,Fever,3/7/10,5,4,Female,0,4
aleve-d sinus and cold, ,Other,3/31/13,1,2, ,0,3
alfuzosin hcl er, ,Enlarged Prostate with Urination Problems,3/11/11,4,3,Male,1,4
alka-seltzer plus day & night, ,Cold Symptoms,1/2/13,4,4, ,0,4
alka-seltzer plus-d,19-24,Cough,5/12/15,5,5,Female,0,5
all day allergy relief, ,Seasonal Runny Nose,5/13/12,4,1, ,0,1
all day allergy-d,25-34,Other,3/25/11,3,3,Female,2,5
allegra allergy,25-34,Inflammation of the Nose due to an Allergy,10/21/12,5,5,Male,2,5
allegra allergy tablet antihistamines,25-34,Inflammation of the Nose due to an Allergy,10/21/12,5,5,Male,2,5
allegra-d 12 hour,19-24,Seasonal Runny Nose,3/21/14,5,5,Female,0,5
allegra-d 12 hour,25-34,Other,11/17/07,5,5,Female,1,5
allegra-d 24 hour,13-18,Seasonal Runny Nose,6/12/09,4,4,Male,0,4
allergy,25-34,Other,6/21/11,5,4,Female,3,3
allergy multi-symptom tablet, ,Other,12/18/09,2,2, ,0,2
allergy tablet,25-34,Itching,3/24/17,5,5,Male,0,5
alli,25-34,Overweight,9/20/07,5,4,Female,40,4
alprazolam, ,Panic Disorder,6/20/10,4,2, ,0,1
alprazolam,45-54,Panic Disorder,11/15/07,3,1,Male,4,5
alprazolam, ,Repeated Episodes of Anxiety,9/6/16,5,5, ,33,5
alprazolam, ,Panic Disorder,4/11/13,5,5,Female,0,5
alprazolam, ,Anxiousness associated with Depression,1/14/13,3,1,Female,0,1
alprazolam, ,Anxious,2/8/10,3,3, ,0,3
alprazolam, ,Repeated Episodes of Anxiety,8/4/09,5,3, ,1,3
alprazolam, ,Anxiousness associated with Depression,12/19/08,5,5, ,4,5
alprazolam, ,Panic Disorder,10/13/08,2,1, ,2,2
alprazolam, ,Panic Disorder,10/6/08,3,3,Female,1,4
alprazolam, ,Chronic Trouble Sleeping,8/30/08,5,5, ,0,5
alprazolam,13-18,Anxiousness associated with Depression,3/11/11,5,5,Female,0,5
alprazolam,13-18,Anxiousness associated with Depression,2/5/09,5,4,Female,1,3
alprazolam,19-24,Anxious,8/11/13,5,5,Female,0,5
alprazolam,19-24,Anxious,2/10/12,5,5,Female,0,5
alprazolam,19-24,Anxiousness associated with Depression,2/27/10,5,4,Female,0,4
alprazolam,19-24,Panic Disorder,8/29/09,4,3,Female,0,4
alprazolam,19-24,Repeated Episodes of Anxiety,11/19/07,5,5,Female,3,5
alprazolam,19-24,Repeated Episodes of Anxiety,9/25/07,5,5,Female,4,5
alprazolam,25-34,Panic Disorder,5/9/15,5,5,Female,0,5
alprazolam,25-34,Panic Disorder,11/19/14,4,3,Male,0,4
alprazolam,25-34,Anxiousness associated with Depression,6/24/14,4,3,Female,1,4
alprazolam,25-34,Panic Disorder,1/10/13,5,5,Female,0,5
alprazolam,25-34,Anxiousness associated with Depression,12/15/12,4,3,Female,0,4
alprazolam,25-34,Repeated Episodes of Anxiety,10/31/12,1,1,Female,9,1
alprazolam,25-34,Anxiousness associated with Depression,8/3/12,4,3,Female,0,5
alprazolam,25-34,Anxious,5/6/12,5,1,Female,0,2
alprazolam,25-34,Anxiousness associated with Depression,2/12/12,3,3,Female,0,1
alprazolam,25-34,Repeated Episodes of Anxiety,9/2/11,5,5,Female,12,5
alprazolam,25-34,Repeated Episodes of Anxiety,7/9/11,5,5,Male,9,5
alprazolam,25-34,Panic Disorder,12/17/10,3,3,Male,1,3
alprazolam,25-34,Panic Disorder,10/4/10,5,5,Male,0,5
alprazolam,25-34,Repeated Episodes of Anxiety,9/15/10,3,3,Female,5,2
alprazolam,25-34,Repeated Episodes of Anxiety,8/4/10,5,5,Female,12,5
alprazolam,25-34,Anxious,7/19/10,3,3,Male,0,3
alprazolam,25-34,Repeated Episodes of Anxiety,6/27/10,5,5,Male,7,5
alprazolam,25-34,Anxious,5/12/10,5,2,Male,0,3
alprazolam,25-34,Anxious,3/31/10,3,4,Female,0,2
alprazolam,25-34,Repeated Episodes of Anxiety,3/9/10,5,4,Female,2,4
alprazolam,25-34,Other,2/27/10,5,5, ,0,5
alprazolam,25-34,Chronic Trouble Sleeping,1/15/10,3,3,Male,0,2
alprazolam,25-34,Anxious,1/9/10,5,5,Female,0,2
alprazolam,25-34,Anxious,1/4/10,4,3,Male,0,1
alprazolam,25-34,Chronic Trouble Sleeping,11/18/09,5,5,Female,1,5
alprazolam,25-34,Anxiousness associated with Depression,9/24/09,5,5,Female,0,4
alprazolam,25-34,Repeated Episodes of Anxiety,9/3/09,5,5,Male,4,5
alprazolam,25-34,Repeated Episodes of Anxiety,8/18/09,1,2,Male,2,3
alprazolam,25-34,Panic Disorder,7/20/09,5,5,Female,6,5
alprazolam,25-34,Anxious,5/23/09,2,2,Male,1,2
alprazolam,25-34,Panic Disorder,5/20/09,5,5,Male,2,5
alprazolam,25-34,Anxiousness associated with Depression,4/5/09,5,5,Female,1,5
alprazolam,25-34,Panic Disorder,12/16/08,5,4,Male,3,5
alprazolam,25-34,Repeated Episodes of Anxiety,10/7/08,4,5,Female,1,4
alprazolam concentrate, ,Panic Disorder,6/20/10,4,2, ,0,1
alprazolam concentrate,45-54,Panic Disorder,11/15/07,3,1,Male,4,5
alprazolam concentrate, ,Repeated Episodes of Anxiety,9/6/16,5,5, ,33,5
alprazolam concentrate, ,Panic Disorder,10/13/08,2,1, ,2,2
alprazolam concentrate, ,Panic Disorder,10/6/08,3,3,Female,1,4
alprazolam concentrate, ,Chronic Trouble Sleeping,8/30/08,5,5, ,0,5
alprazolam concentrate, ,Panic Disorder,4/11/13,5,5,Female,0,5
alprazolam concentrate, ,Anxiousness associated with Depression,1/14/13,3,1,Female,0,1
alprazolam concentrate, ,Anxious,2/8/10,3,3, ,0,3
alprazolam concentrate, ,Repeated Episodes of Anxiety,8/4/09,5,3, ,1,3
alprazolam concentrate, ,Anxiousness associated with Depression,12/19/08,5,5, ,4,5
alprazolam concentrate,13-18,Anxiousness associated with Depression,3/11/11,5,5,Female,0,5
alprazolam concentrate,13-18,Anxiousness associated with Depression,2/5/09,5,4,Female,1,3
alprazolam concentrate,19-24,Anxious,8/11/13,5,5,Female,0,5
alprazolam concentrate,19-24,Repeated Episodes of Anxiety,11/19/07,5,5,Female,3,5
alprazolam concentrate,19-24,Repeated Episodes of Anxiety,9/25/07,5,5,Female,4,5
alprazolam concentrate,19-24,Anxious,2/10/12,5,5,Female,0,5
alprazolam concentrate,19-24,Anxiousness associated with Depression,2/27/10,5,4,Female,0,4
alprazolam concentrate,19-24,Panic Disorder,8/29/09,4,3,Female,0,4
alprazolam concentrate,25-34,Panic Disorder,5/9/15,5,5,Female,0,5
alprazolam concentrate,25-34,Panic Disorder,11/19/14,4,3,Male,0,4
alprazolam concentrate,25-34,Anxiousness associated with Depression,6/24/14,4,3,Female,1,4
alprazolam concentrate,25-34,Repeated Episodes of Anxiety,10/7/08,4,5,Female,1,4
alprazolam concentrate,25-34,Panic Disorder,1/10/13,5,5,Female,0,5
alprazolam concentrate,25-34,Anxiousness associated with Depression,12/15/12,4,3,Female,0,4
alprazolam concentrate,25-34,Repeated Episodes of Anxiety,10/31/12,1,1,Female,9,1
alprazolam concentrate,25-34,Anxiousness associated with Depression,8/3/12,4,3,Female,0,5
alprazolam concentrate,25-34,Anxious,5/6/12,5,1,Female,0,2
alprazolam concentrate,25-34,Anxiousness associated with Depression,2/12/12,3,3,Female,0,1
alprazolam concentrate,25-34,Repeated Episodes of Anxiety,9/2/11,5,5,Female,12,5
alprazolam concentrate,25-34,Repeated Episodes of Anxiety,7/9/11,5,5,Male,9,5
alprazolam concentrate,25-34,Panic Disorder,12/17/10,3,3,Male,1,3
alprazolam concentrate,25-34,Panic Disorder,10/4/10,5,5,Male,0,5
alprazolam concentrate,25-34,Repeated Episodes of Anxiety,9/15/10,3,3,Female,5,2
alprazolam concentrate,25-34,Repeated Episodes of Anxiety,8/4/10,5,5,Female,12,5
alprazolam concentrate,25-34,Anxious,7/19/10,3,3,Male,0,3
alprazolam concentrate,25-34,Repeated Episodes of Anxiety,6/27/10,5,5,Male,7,5
alprazolam concentrate,25-34,Anxious,5/12/10,5,2,Male,0,3
alprazolam concentrate,25-34,Anxious,3/31/10,3,4,Female,0,2
alprazolam concentrate,25-34,Repeated Episodes of Anxiety,3/9/10,5,4,Female,2,4
alprazolam concentrate,25-34,Other,2/27/10,5,5, ,0,5
alprazolam concentrate,25-34,Chronic Trouble Sleeping,1/15/10,3,3,Male,0,2
alprazolam concentrate,25-34,Anxious,1/9/10,5,5,Female,0,2
alprazolam concentrate,25-34,Anxious,1/4/10,4,3,Male,0,1
alprazolam concentrate,25-34,Chronic Trouble Sleeping,11/18/09,5,5,Female,1,5
alprazolam concentrate,25-34,Anxiousness associated with Depression,9/24/09,5,5,Female,0,4
alprazolam concentrate,25-34,Repeated Episodes of Anxiety,9/3/09,5,5,Male,4,5
alprazolam concentrate,25-34,Repeated Episodes of Anxiety,8/18/09,1,2,Male,2,3
alprazolam concentrate,25-34,Panic Disorder,7/20/09,5,5,Female,6,5
alprazolam concentrate,25-34,Anxious,5/23/09,2,2,Male,1,2
alprazolam concentrate,25-34,Panic Disorder,5/20/09,5,5,Male,2,5
alprazolam concentrate,25-34,Anxiousness associated with Depression,4/5/09,5,5,Female,1,5
alprazolam concentrate,25-34,Panic Disorder,12/16/08,5,4,Male,3,5
alprazolam er, ,Panic Disorder,6/20/10,4,2, ,0,1
alprazolam er,45-54,Panic Disorder,11/15/07,3,1,Male,4,5
alprazolam er, ,Repeated Episodes of Anxiety,9/6/16,5,5, ,33,5
alprazolam er, ,Panic Disorder,4/11/13,5,5,Female,0,5
alprazolam er, ,Anxiousness associated with Depression,1/14/13,3,1,Female,0,1
alprazolam er, ,Anxious,2/8/10,3,3, ,0,3
alprazolam er, ,Repeated Episodes of Anxiety,8/4/09,5,3, ,1,3
alprazolam er, ,Anxiousness associated with Depression,12/19/08,5,5, ,4,5
alprazolam er, ,Panic Disorder,10/13/08,2,1, ,2,2
alprazolam er, ,Panic Disorder,10/6/08,3,3,Female,1,4
alprazolam er, ,Chronic Trouble Sleeping,8/30/08,5,5, ,0,5
alprazolam er,13-18,Anxiousness associated with Depression,3/11/11,5,5,Female,0,5
alprazolam er,13-18,Anxiousness associated with Depression,2/5/09,5,4,Female,1,3
alprazolam er,19-24,Anxious,8/11/13,5,5,Female,0,5
alprazolam er,19-24,Anxious,2/10/12,5,5,Female,0,5
alprazolam er,19-24,Anxiousness associated with Depression,2/27/10,5,4,Female,0,4
alprazolam er,19-24,Panic Disorder,8/29/09,4,3,Female,0,4
alprazolam er,19-24,Repeated Episodes of Anxiety,11/19/07,5,5,Female,3,5
alprazolam er,19-24,Repeated Episodes of Anxiety,9/25/07,5,5,Female,4,5
alprazolam er,25-34,Panic Disorder,5/9/15,5,5,Female,0,5
alprazolam er,25-34,Panic Disorder,11/19/14,4,3,Male,0,4
alprazolam er,25-34,Anxiousness associated with Depression,6/24/14,4,3,Female,1,4
alprazolam er,25-34,Panic Disorder,1/10/13,5,5,Female,0,5
alprazolam er,25-34,Anxiousness associated with Depression,12/15/12,4,3,Female,0,4
alprazolam er,25-34,Repeated Episodes of Anxiety,10/31/12,1,1,Female,9,1
alprazolam er,25-34,Anxiousness associated with Depression,8/3/12,4,3,Female,0,5
alprazolam er,25-34,Anxious,5/6/12,5,1,Female,0,2
alprazolam er,25-34,Anxiousness associated with Depression,2/12/12,3,3,Female,0,1
alprazolam er,25-34,Repeated Episodes of Anxiety,9/2/11,5,5,Female,12,5
alprazolam er,25-34,Repeated Episodes of Anxiety,7/9/11,5,5,Male,9,5
alprazolam er,25-34,Panic Disorder,12/17/10,3,3,Male,1,3
alprazolam er,25-34,Panic Disorder,10/4/10,5,5,Male,0,5
alprazolam er,25-34,Repeated Episodes of Anxiety,9/15/10,3,3,Female,5,2
alprazolam er,25-34,Repeated Episodes of Anxiety,8/4/10,5,5,Female,12,5
alprazolam er,25-34,Anxious,7/19/10,3,3,Male,0,3
alprazolam er,25-34,Repeated Episodes of Anxiety,6/27/10,5,5,Male,7,5
alprazolam er,25-34,Anxious,5/12/10,5,2,Male,0,3
alprazolam er,25-34,Anxious,3/31/10,3,4,Female,0,2
alprazolam er,25-34,Repeated Episodes of Anxiety,3/9/10,5,4,Female,2,4
alprazolam er,25-34,Other,2/27/10,5,5, ,0,5
alprazolam er,25-34,Chronic Trouble Sleeping,1/15/10,3,3,Male,0,2
alprazolam er,25-34,Anxious,1/9/10,5,5,Female,0,2
alprazolam er,25-34,Anxious,1/4/10,4,3,Male,0,1
alprazolam er,25-34,Chronic Trouble Sleeping,11/18/09,5,5,Female,1,5
alprazolam er,25-34,Anxiousness associated with Depression,9/24/09,5,5,Female,0,4
alprazolam er,25-34,Repeated Episodes of Anxiety,9/3/09,5,5,Male,4,5
alprazolam er,25-34,Repeated Episodes of Anxiety,8/18/09,1,2,Male,2,3
alprazolam er,25-34,Panic Disorder,7/20/09,5,5,Female,6,5
alprazolam er,25-34,Anxious,5/23/09,2,2,Male,1,2
alprazolam er,25-34,Panic Disorder,5/20/09,5,5,Male,2,5
alprazolam er,25-34,Anxiousness associated with Depression,4/5/09,5,5,Female,1,5
alprazolam er,25-34,Panic Disorder,12/16/08,5,4,Male,3,5
alprazolam er,25-34,Repeated Episodes of Anxiety,10/7/08,4,5,Female,1,4
alprazolam intensol,25-34,Panic Disorder,1/23/14,5,5,Female,0,5
alprazolam odt, ,Panic Disorder,6/20/10,4,2, ,0,1
alprazolam odt,45-54,Panic Disorder,11/15/07,3,1,Male,4,5
alprazolam odt, ,Repeated Episodes of Anxiety,9/6/16,5,5, ,33,5
alprazolam odt, ,Panic Disorder,4/11/13,5,5,Female,0,5
alprazolam odt, ,Anxiousness associated with Depression,1/14/13,3,1,Female,0,1
alprazolam odt, ,Anxious,2/8/10,3,3, ,0,3
alprazolam odt, ,Repeated Episodes of Anxiety,8/4/09,5,3, ,1,3
alprazolam odt, ,Anxiousness associated with Depression,12/19/08,5,5, ,4,5
alprazolam odt, ,Panic Disorder,10/13/08,2,1, ,2,2
alprazolam odt, ,Panic Disorder,10/6/08,3,3,Female,1,4
alprazolam odt, ,Chronic Trouble Sleeping,8/30/08,5,5, ,0,5
alprazolam odt,13-18,Anxiousness associated with Depression,3/11/11,5,5,Female,0,5
alprazolam odt,13-18,Anxiousness associated with Depression,2/5/09,5,4,Female,1,3
alprazolam odt,19-24,Anxious,8/11/13,5,5,Female,0,5
alprazolam odt,19-24,Anxious,2/10/12,5,5,Female,0,5
alprazolam odt,19-24,Anxiousness associated with Depression,2/27/10,5,4,Female,0,4
alprazolam odt,19-24,Panic Disorder,8/29/09,4,3,Female,0,4
alprazolam odt,19-24,Repeated Episodes of Anxiety,11/19/07,5,5,Female,3,5
alprazolam odt,19-24,Repeated Episodes of Anxiety,9/25/07,5,5,Female,4,5
alprazolam odt,25-34,Panic Disorder,5/9/15,5,5,Female,0,5
alprazolam odt,25-34,Panic Disorder,11/19/14,4,3,Male,0,4
alprazolam odt,25-34,Anxiousness associated with Depression,6/24/14,4,3,Female,1,4
alprazolam odt,25-34,Panic Disorder,1/10/13,5,5,Female,0,5
alprazolam odt,25-34,Anxiousness associated with Depression,12/15/12,4,3,Female,0,4
alprazolam odt,25-34,Repeated Episodes of Anxiety,10/31/12,1,1,Female,9,1
alprazolam odt,25-34,Anxiousness associated with Depression,8/3/12,4,3,Female,0,5
alprazolam odt,25-34,Anxious,5/6/12,5,1,Female,0,2
alprazolam odt,25-34,Anxiousness associated with Depression,2/12/12,3,3,Female,0,1
alprazolam odt,25-34,Repeated Episodes of Anxiety,9/2/11,5,5,Female,12,5
alprazolam odt,25-34,Repeated Episodes of Anxiety,7/9/11,5,5,Male,9,5
alprazolam odt,25-34,Panic Disorder,12/17/10,3,3,Male,1,3
alprazolam odt,25-34,Panic Disorder,10/4/10,5,5,Male,0,5
alprazolam odt,25-34,Repeated Episodes of Anxiety,9/15/10,3,3,Female,5,2
alprazolam odt,25-34,Repeated Episodes of Anxiety,8/4/10,5,5,Female,12,5
alprazolam odt,25-34,Anxious,7/19/10,3,3,Male,0,3
alprazolam odt,25-34,Repeated Episodes of Anxiety,6/27/10,5,5,Male,7,5
alprazolam odt,25-34,Anxious,5/12/10,5,2,Male,0,3
alprazolam odt,25-34,Anxious,3/31/10,3,4,Female,0,2
alprazolam odt,25-34,Repeated Episodes of Anxiety,3/9/10,5,4,Female,2,4
alprazolam odt,25-34,Other,2/27/10,5,5, ,0,5
alprazolam odt,25-34,Chronic Trouble Sleeping,1/15/10,3,3,Male,0,2
alprazolam odt,25-34,Anxious,1/9/10,5,5,Female,0,2
alprazolam odt,25-34,Anxious,1/4/10,4,3,Male,0,1
alprazolam odt,25-34,Chronic Trouble Sleeping,11/18/09,5,5,Female,1,5
alprazolam odt,25-34,Anxiousness associated with Depression,9/24/09,5,5,Female,0,4
alprazolam odt,25-34,Repeated Episodes of Anxiety,9/3/09,5,5,Male,4,5
alprazolam odt,25-34,Repeated Episodes of Anxiety,8/18/09,1,2,Male,2,3
alprazolam odt,25-34,Panic Disorder,7/20/09,5,5,Female,6,5
alprazolam odt,25-34,Anxious,5/23/09,2,2,Male,1,2
alprazolam odt,25-34,Panic Disorder,5/20/09,5,5,Male,2,5
alprazolam odt,25-34,Anxiousness associated with Depression,4/5/09,5,5,Female,1,5
alprazolam odt,25-34,Panic Disorder,12/16/08,5,4,Male,3,5
alprazolam odt,25-34,Repeated Episodes of Anxiety,10/7/08,4,5,Female,1,4
alprostadil vial, ,Other,5/6/14,4,4, ,2,4
altabax ointment,25-34,Type of Skin Infection - Impetigo,2/18/09,5,5,Male,1,5
altace,55-64,Heart Failure After a Heart Attack,11/13/07,5,5,Male,1,5
altace, ,High Blood Pressure,2/25/13,1,1, ,3,1
altace, ,High Blood Pressure,10/21/07,5,5, ,3,5
altace,13-18,High Blood Pressure,7/26/08,5,5,Male,1,5
altace,25-34,High Blood Pressure,6/20/08,5,4,Female,3,4
alyacen,13-18,Birth Control,10/31/12,5,5,Female,1,5
alyacen,19-24,Abnormally Long or Heavy Periods,1/12/14,5,5,Female,0,5
alyacen,25-34,Birth Control,10/28/14,4,1,Female,0,1
amantadine, ,Fatigue associated with Multiple Sclerosis,1/31/10,2,2, ,7,2
"amantadine hcl capsule, extended release 24 hr (capsule, er hr)", ,Fatigue associated with Multiple Sclerosis,1/31/10,2,2, ,7,2
amaryl, ,Type 2 Diabetes Mellitus,1/30/09,4,4, ,0,4
ambien,6-Mar,Chronic Trouble Sleeping,6/18/09,1,1,Male,0,1
ambien, ,Chronic Trouble Sleeping,9/28/07,5,3, ,0,3
ambien, ,Chronic Trouble Sleeping,4/29/12,5,5, ,4,5
ambien, ,Chronic Trouble Sleeping,8/7/08,5,5, ,1,5
ambien, ,Chronic Trouble Sleeping,5/30/08,4,3, ,0,3
ambien, ,Chronic Trouble Sleeping,3/21/08,4,4, ,0,4
ambien, ,Chronic Trouble Sleeping,3/21/08,5,5,Male,0,4
ambien, ,Chronic Trouble Sleeping,11/27/07,5,5,Male,0,5
ambien, ,Chronic Trouble Sleeping,11/14/07,5,5, ,3,5
ambien, ,Difficulty Falling Asleep,6/26/10,4,2, ,0,2
ambien, ,Other,6/7/10,5,5, ,0,5
ambien, ,Difficulty Falling Asleep,3/16/10,5,5, ,0,5
ambien, ,Chronic Trouble Sleeping,9/29/09,5,5, ,3,5
ambien,19-24,Chronic Trouble Sleeping,9/22/08,4,1,Female,0,1
ambien,19-24,Chronic Trouble Sleeping,8/13/08,5,4,Female,0,3
ambien,19-24,Difficulty Falling Asleep,1/7/12,1,1,Female,0,1
ambien,19-24,Chronic Trouble Sleeping,1/26/08,4,4,Female,1,4
ambien,19-24,Chronic Trouble Sleeping,11/25/07,5,4,Female,0,5
ambien,19-24,Chronic Trouble Sleeping,10/28/10,5,4,Male,1,4
ambien,19-24,Difficulty Falling Asleep,6/16/10,4,3,Female,0,2
ambien,19-24,Chronic Trouble Sleeping,7/4/09,5,2,Male,0,3
ambien,25-34,Difficulty Falling Asleep,5/3/11,5,5,Female,1,5
ambien,25-34,Difficulty Falling Asleep,5/2/11,5,4,Female,0,4
ambien,25-34,Other,1/1/11,4,4,Female,0,5
ambien,25-34,Chronic Trouble Sleeping,10/26/07,5,5,Female,0,5
ambien,25-34,Chronic Trouble Sleeping,9/30/07,5,5,Male,2,5
ambien,25-34,Chronic Trouble Sleeping,2/14/14,5,2,Female,3,2
ambien,25-34,Chronic Trouble Sleeping,4/13/09,5,4,Male,0,4
ambien,25-34,Chronic Trouble Sleeping,12/16/08,5,1,Female,0,3
ambien,25-34,Chronic Trouble Sleeping,1/21/08,2,1,Female,2,1
ambien,25-34,Chronic Trouble Sleeping,12/27/07,5,4,Female,0,4
ambien,25-34,Chronic Trouble Sleeping,12/24/07,5,5,Female,0,5
ambien,25-34,Chronic Trouble Sleeping,11/30/07,3,1,Female,1,2
ambien,25-34,Difficulty Falling Asleep,6/15/10,5,5,Male,0,5
ambien,25-34,Chronic Trouble Sleeping,2/18/10,5,5,Female,0,5
ambien,25-34,Difficulty Falling Asleep,2/16/10,5,5,Female,0,5
ambien,25-34,Chronic Trouble Sleeping,12/16/09,4,4,Female,0,4
ambien,25-34,Chronic Trouble Sleeping,7/24/09,5,5,Male,0,5
ambien,25-34,Chronic Trouble Sleeping,6/8/09,5,4,Female,1,4
ambien cr,0-2,Chronic Trouble Sleeping,1/28/09,3,5,Male,0,4
ambien cr,13-18,Other,12/3/08,3,3,Male,0,4
ambien cr,25-34,Chronic Trouble Sleeping,9/28/07,5,4,Female,1,4
amcinonide cream,12-Jul,Disease that Causes Disc-Shaped Patches On the Upper Body,6/25/14,5,5,Female,2,5
amerge, ,Migraine Headache,6/16/09,4,4, ,0,4
amethia,19-24,Birth Control,3/4/15,4,3,Female,0,3
amethia,19-24,Endometriosis,7/30/12,5,2,Female,0,5
amethyst,13-18,Other,10/15/12,4,1,Female,0,4
amidate syringe,25-34,Additional Agent to Induce General Anesthesia,1/17/12,2,1,Female,0,2
amikacin sulfate vial, ,Bacterial Urinary Tract Infection,5/6/10,1,1,Female,14,1
amiodarone hcl, ,Atrial Fibrillation,9/19/07,4,4, ,26,4
amiodarone hcl,0-2,Paroxysmal Supraventricular Tachycardia,7/31/12,3,5,Male,0,5
amiodarone hcl vial,25-34,Atypical Ventricular Tachycardia,3/16/09,3,3,Female,0,3
amitiza, ,Chronic Difficulty having a Bowel Movement,12/10/07,5,2, ,5,2
amitiza,25-34,Chronic Difficulty having a Bowel Movement,6/17/08,5,1,Female,2,1
amitiza,25-34,Chronic Difficulty having a Bowel Movement,11/19/10,5,4,Female,1,4
amitiza,25-34,Chronic Difficulty having a Bowel Movement,2/25/10,3,1,Female,1,1
amitiza,25-34,Irritable Bowel Syndrome with Constipation,8/25/09,5,1,Female,0,1
amitiza,25-34,Chronic Difficulty having a Bowel Movement,7/18/09,4,1,Female,1,1
amitriptyline hcl, ,Neuropathic Pain,1/17/10,4,2, ,2,3
amitriptyline hcl, ,Depression,10/12/11,5,5, ,1,5
amitriptyline hcl, ,Other,9/9/11,4,2, ,2,2
amitriptyline hcl, ,Other,11/1/09,5,3,Female,2,3
amitriptyline hcl, ,Other,4/19/09,5,5, ,1,5
amitriptyline hcl, ,Neuropathic Pain,8/5/08,1,1, ,2,1
amitriptyline hcl, ,Migraine Prevention,9/19/07,5,2, ,2,3
amitriptyline hcl, ,Migraine Prevention,10/15/07,5,1, ,5,2
amitriptyline hcl,13-18,Migraine Prevention,4/14/09,5,5,Female,1,4
amitriptyline hcl,19-24,Migraine Prevention,11/20/17,5,3,Female,4,4
amitriptyline hcl,19-24,Migraine Prevention,1/30/13,4,4,Female,0,3
amitriptyline hcl,19-24,"Disorder characterized by Stiff, Tender & Painful Muscles",12/30/12,5,5,Female,1,5
amitriptyline hcl,19-24,Neuropathic Pain,5/1/12,5,4,Male,2,4
amitriptyline hcl,19-24,Bedwetting,9/17/11,4,4,Male,1,4
amitriptyline hcl,19-24,Depression,8/6/09,4,4,Male,0,4
amitriptyline hcl,19-24,Depression,5/15/09,4,3,Female,1,3
amitriptyline hcl,19-24,Neuropathic Pain,12/11/08,4,1,Female,1,1
amitriptyline hcl,19-24,Depression,10/24/08,5,5,Female,3,5
amitriptyline hcl,19-24,Neuropathic Pain,8/19/08,5,1,Male,5,1
amitriptyline hcl,19-24,Migraine Prevention,4/17/08,5,4,Female,2,4
amitriptyline hcl,19-24,Migraine Prevention,9/20/07,5,4,Female,4,4
amitriptyline hcl,25-34,Neuropathic Pain,2/21/15,3,3,Male,5,3
amitriptyline hcl,25-34,Depression,6/8/10,4,3,Female,0,5
amitriptyline hcl,25-34,Other,5/25/13,5,5,Female,10,5
amitriptyline hcl,25-34,Migraine Prevention,2/27/13,5,1,Female,0,1
amitriptyline hcl,25-34,Posttraumatic Stress Syndrome,8/29/12,4,4,Male,0,3
amitriptyline hcl,25-34,Depression,11/18/09,5,3,Male,0,3
amitriptyline hcl,25-34,Depression,10/21/09,5,4,Female,1,4
amitriptyline hcl,25-34,Migraine Prevention,6/30/09,5,5,Female,0,5
amitriptyline hcl,25-34,Migraine Prevention,5/6/09,4,2,Female,1,3
amitriptyline hcl,25-34,Migraine Prevention,4/20/09,5,4,Female,0,4
amitriptyline hcl,25-34,Migraine Prevention,2/19/09,5,4,Female,3,4
amitriptyline hcl,25-34,Neuropathic Pain,2/2/09,5,3,Female,2,3
amitriptyline hcl,25-34,Other,10/18/08,4,4,Female,1,4
amitriptyline hcl,25-34,Other,10/13/08,5,5,Female,2,5
amitriptyline hcl,25-34,Neuropathic Pain,12/29/07,5,2,Female,4,3
amitriptyline hcl,25-34,Migraine Prevention,11/22/07,5,5,Male,3,4
amlodipine besylate, ,Other,11/22/18,4,5,Female,0,4
amlodipine besylate, ,High Blood Pressure,12/26/12,5,5, ,3,5
amlodipine besylate, ,High Blood Pressure,9/30/12,5,3, ,1,4
amlodipine besylate, ,High Blood Pressure,7/4/12,5,5,Female,2,5
amlodipine besylate, ,High Blood Pressure,4/23/11,4,4, ,0,4
amlodipine besylate, ,Other,2/13/11,1,1,Female,0,1
amlodipine besylate, ,High Blood Pressure,4/28/10,5,2, ,0,5
amlodipine besylate, ,High Blood Pressure,3/29/10,4,1, ,0,1
amlodipine besylate, ,High Blood Pressure,3/21/10,5,5, ,3,5
amlodipine besylate, ,High Blood Pressure,9/23/09,5,5,Male,2,5
amlodipine besylate, ,High Blood Pressure,11/30/08,5,5,Male,0,5
amlodipine besylate, ,High Blood Pressure,10/30/08,5,5, ,1,5
amlodipine besylate,13-18,High Blood Pressure,10/7/08,5,4,Female,0,4
amlodipine besylate,19-24,High Blood Pressure,12/8/10,4,3,Male,1,4
amlodipine besylate,25-34,High Blood Pressure,5/10/12,5,4,Male,0,4
amlodipine besylate,25-34,High Blood Pressure,7/24/11,5,4,Female,0,3
amlodipine besylate,25-34,High Blood Pressure,8/26/09,3,3,Female,0,3
amlodipine besylate,25-34,High Blood Pressure,6/14/09,5,5,Female,0,5
amlodipine besylate,25-34,High Blood Pressure,2/20/09,5,4,Female,0,4
amlodipine besylate (bulk) 100 % powder, ,Other,9/7/11,5,4, ,0,3
amlodipine besylate (bulk) 100 % powder, ,Other,6/14/11,4,4, ,1,4
amlodipine besylate (bulk) 100 % powder, ,Other,4/10/11,4,3, ,2,3
amlodipine besylate (bulk) 100 % powder,19-24,Other,12/21/12,3,4,Female,1,3
amlodipine besylate-benazepril, ,High Blood Pressure,3/8/12,5,5, ,1,5
amlodipine besylate-benazepril, ,High Blood Pressure,9/20/11,3,3, ,0,2
amlodipine besylate-benazepril,25-34,High Blood Pressure,1/11/10,5,5,Female,1,5
amlodipine-atorvastatin, ,High Cholesterol,1/11/17,4,2,Male,0,2
amlodipine-valsartan, ,High Blood Pressure,11/15/07,5,3,Female,5,4
ammonium lactate 5 % lotion,25-34,Dry Skin,12/18/08,4,4,Female,1,2
ammonium lactate cream,25-34,Dry Skin,12/18/08,4,4,Female,1,2
amnesteem,13-18,Severe Difficult to Treat Nodular Acne,3/21/15,1,1,Male,1,1
"amobarbital solution, reconstituted (recon soln)",25-34,Severe Anxiety,5/5/16,4,4, ,0,4
amoxicillin,6-Mar,Strep Throat,3/24/10,5,5,Female,0,5
amoxicillin,12-Jul,Infection of the Middle Ear by H. Influenzae Bacteria,2/10/08,4,4,Female,0,4
amoxicillin, ,"Acute Infection of the Nose, Throat or Sinus",1/25/16,5,5, ,0,5
amoxicillin, ,Acute Bacterial Infection of the Sinuses,11/20/10,5,5, ,0,5
amoxicillin, ,Skin Infection due to Streptococcus Bacteria,11/14/10,3,4, ,0,4
amoxicillin, ,Bacterial Infection with Chronic Bronchitis,5/4/10,5,5, ,0,4
amoxicillin,0-2,Middle Ear Infection,4/27/12,5,5,Female,1,3
amoxicillin,0-2,Pediatric Fever without a Source,6/20/08,5,5,Male,1,4
amoxicillin,13-18,Middle Ear Infection,5/19/09,5,1,Female,1,1
amoxicillin,19-24,Bacterial Infection with Chronic Bronchitis,10/23/08,3,4,Female,0,3
amoxicillin,25-34,Other,8/26/09,5,5,Male,2,5
amoxicillin,25-34,Infection of the Throat caused by Staphylococcus Bacteria,12/21/08,4,5,Female,0,4
"amoxicillin er 775 mg tablet,extended release 24hr mphase",6-Mar,Strep Throat,3/24/10,5,5,Female,0,5
"amoxicillin er 775 mg tablet,extended release 24hr mphase",12-Jul,Infection of the Middle Ear by H. Influenzae Bacteria,2/10/08,4,4,Female,0,4
"amoxicillin er 775 mg tablet,extended release 24hr mphase", ,"Acute Infection of the Nose, Throat or Sinus",1/25/16,5,5, ,0,5
"amoxicillin er 775 mg tablet,extended release 24hr mphase", ,Acute Bacterial Infection of the Sinuses,11/20/10,5,5, ,0,5
"amoxicillin er 775 mg tablet,extended release 24hr mphase", ,Skin Infection due to Streptococcus Bacteria,11/14/10,3,4, ,0,4
"amoxicillin er 775 mg tablet,extended release 24hr mphase", ,Bacterial Infection with Chronic Bronchitis,5/4/10,5,5, ,0,4
"amoxicillin er 775 mg tablet,extended release 24hr mphase",0-2,Middle Ear Infection,4/27/12,5,5,Female,1,3
"amoxicillin er 775 mg tablet,extended release 24hr mphase",0-2,Pediatric Fever without a Source,6/20/08,5,5,Male,1,4
"amoxicillin er 775 mg tablet,extended release 24hr mphase",13-18,Middle Ear Infection,5/19/09,5,1,Female,1,1
"amoxicillin er 775 mg tablet,extended release 24hr mphase",19-24,Bacterial Infection with Chronic Bronchitis,10/23/08,3,4,Female,0,3
"amoxicillin er 775 mg tablet,extended release 24hr mphase",25-34,Other,8/26/09,5,5,Male,2,5
"amoxicillin er 775 mg tablet,extended release 24hr mphase",25-34,Infection of the Throat caused by Staphylococcus Bacteria,12/21/08,4,5,Female,0,4
"amoxicillin suspension, reconstituted",6-Mar,Strep Throat,3/24/10,5,5,Female,0,5
"amoxicillin suspension, reconstituted",12-Jul,Infection of the Middle Ear by H. Influenzae Bacteria,2/10/08,4,4,Female,0,4
"amoxicillin suspension, reconstituted", ,"Acute Infection of the Nose, Throat or Sinus",1/25/16,5,5, ,0,5
"amoxicillin suspension, reconstituted", ,Acute Bacterial Infection of the Sinuses,11/20/10,5,5, ,0,5
"amoxicillin suspension, reconstituted", ,Skin Infection due to Streptococcus Bacteria,11/14/10,3,4, ,0,4
"amoxicillin suspension, reconstituted", ,Bacterial Infection with Chronic Bronchitis,5/4/10,5,5, ,0,4
"amoxicillin suspension, reconstituted",0-2,Middle Ear Infection,4/27/12,5,5,Female,1,3
"amoxicillin suspension, reconstituted",0-2,Pediatric Fever without a Source,6/20/08,5,5,Male,1,4
"amoxicillin suspension, reconstituted",13-18,Middle Ear Infection,5/19/09,5,1,Female,1,1
"amoxicillin suspension, reconstituted",19-24,Bacterial Infection with Chronic Bronchitis,10/23/08,3,4,Female,0,3
"amoxicillin suspension, reconstituted",25-34,Other,8/26/09,5,5,Male,2,5
"amoxicillin suspension, reconstituted",25-34,Infection of the Throat caused by Staphylococcus Bacteria,12/21/08,4,5,Female,0,4
"amoxicillin tablet, chewable",6-Mar,Strep Throat,3/24/10,5,5,Female,0,5
"amoxicillin tablet, chewable",12-Jul,Infection of the Middle Ear by H. Influenzae Bacteria,2/10/08,4,4,Female,0,4
"amoxicillin tablet, chewable", ,"Acute Infection of the Nose, Throat or Sinus",1/25/16,5,5, ,0,5
"amoxicillin tablet, chewable", ,Acute Bacterial Infection of the Sinuses,11/20/10,5,5, ,0,5
"amoxicillin tablet, chewable", ,Skin Infection due to Streptococcus Bacteria,11/14/10,3,4, ,0,4
"amoxicillin tablet, chewable", ,Bacterial Infection with Chronic Bronchitis,5/4/10,5,5, ,0,4
"amoxicillin tablet, chewable",0-2,Middle Ear Infection,4/27/12,5,5,Female,1,3
"amoxicillin tablet, chewable",0-2,Pediatric Fever without a Source,6/20/08,5,5,Male,1,4
"amoxicillin tablet, chewable",13-18,Middle Ear Infection,5/19/09,5,1,Female,1,1
"amoxicillin tablet, chewable",19-24,Bacterial Infection with Chronic Bronchitis,10/23/08,3,4,Female,0,3
"amoxicillin tablet, chewable",25-34,Other,8/26/09,5,5,Male,2,5
"amoxicillin tablet, chewable",25-34,Infection of the Throat caused by Staphylococcus Bacteria,12/21/08,4,5,Female,0,4
amoxicillin-clavulanate pot er,55-64,Acute Bacterial Infection of the Sinuses,11/28/09,4,5,Male,1,4
amoxicillin-clavulanate potass,55-64,Acute Bacterial Infection of the Sinuses,11/28/09,4,5,Male,1,4
"amoxicillin-clavulanate potass suspension, reconstituted",55-64,Acute Bacterial Infection of the Sinuses,11/28/09,4,5,Male,1,4
amoxicillin-clavulanate potass tablet,55-64,Acute Bacterial Infection of the Sinuses,11/28/09,4,5,Male,1,4
amphotericin b vial,25-34,A Fungal Infection - Aspergillosis,12/5/18,4,5,Female,0,5
ampicillin trihydrate,19-24,Throat Infection caused by Streptococcus Pneumoniae,3/20/14,5,5,Male,0,5
ampicillin trihydrate,19-24,Bacterial Urinary Tract Infection,11/18/10,2,2,Female,6,1
ampicillin trihydrate,19-24,Bacterial Urinary Tract Infection,3/15/09,5,5,Female,14,5
amrix, ,"Disorder characterized by Stiff, Tender & Painful Muscles",7/2/11,5,5,Female,0,5
amrix,25-34,Muscle Spasm,5/3/12,5,5,Female,2,4
amrix,25-34,Muscle Spasm,9/26/11,5,5,Female,2,5
amrix,25-34,Muscle Spasm,11/24/08,1,1,Female,0,1
anadrol-50,25-34,Other,10/6/08,5,5,Male,18,5
anafranil, ,Panic Disorder,12/24/09,5,2, ,0,3
anafranil,25-34,Depression,4/13/12,5,5,Male,1,5
anafranil,25-34,Depression,12/31/09,4,4,Male,1,4
anafranil,25-34,Obsessive Compulsive Disorder,12/1/07,5,4,Male,7,4
anakinra syringe,13-18,Rheumatoid Arthritis,9/5/08,4,5,Male,3,4
"analpram e kit, cream and towelette", ,Anal Itching,6/29/10,4,4, ,2,4
anastrozole, ,Hormone Receptor Positive Breast Cancer,9/18/11,5,5, ,0,5
androgel gel in packet, ,Rare X Chromosome Abnormality - Klinefelter Syndrome,10/8/07,5,5, ,6,4
androgel gel in packet,25-34,Pituitary Hormone Deficiency,8/14/09,1,2,Male,0,3
angeliq,25-34,Other,11/6/08,5,2,Female,0,3
annovera 0.15 mg-0.013 mg/24 hr vaginal ring contraceptives, ,Birth Control,1/13/20,5,5,Female,0,5
annovera 0.15 mg-0.013 mg/24 hr vaginal ring contraceptives, ,Birth Control,1/9/20,5,5,Female,1,5
annovera 0.15 mg-0.013 mg/24 hr vaginal ring contraceptives, ,Birth Control,1/8/20,5,5,Female,1,5
annovera 0.15 mg-0.013 mg/24 hr vaginal ring contraceptives,25-34,Birth Control,2/3/20,5,5, ,5,5
annovera 0.15 mg-0.013 mg/24 hr vaginal ring contraceptives,25-34,Birth Control,1/15/20,5,5, ,1,5
annovera 0.15 mg-0.013 mg/24 hr vaginal ring contraceptives,25-34,Birth Control,1/10/20,5,5,Female,1,5
annovera 0.15 mg-0.013 mg/24 hr vaginal ring contraceptives,25-34,Birth Control,1/9/20,5,5,Female,1,5
antabuse, ,Habit of Drinking Too Much Alcohol,6/20/09,3,3, ,0,3
antabuse, ,Habit of Drinking Too Much Alcohol,9/16/08,4,4, ,1,4
antabuse,25-34,Habit of Drinking Too Much Alcohol,2/25/13,1,1,Male,0,2
antara, ,Combined High Blood Cholesterol and Triglyceride Level,12/22/07,5,5, ,8,5
anti-diarrhea, ,Diarrhea caused by Chemotherapy,1/13/14,4,2, ,0,1
anti-diarrhea,13-18,Diarrhea,12/1/14,5,5,Male,3,5
anti-diarrheal, ,Diarrhea,2/17/10,2,2, ,4,2
anti-diarrheal liquid, ,Diarrhea,2/17/10,2,2, ,4,2
anti-itch (hydrocortisone) 1 % topical cream,13-18,Inflammation of Skin caused by an Allergy,3/25/15,5,5,Female,12,5
anti-itch maximum strength 2 % topical spray,19-24,Itching,9/20/16,4,4,Male,0,4
antifungal (tolnaftate) 1 % topical powder, ,Ringworm of Groin Area,1/17/14,5,5, ,0,5
antifungal (tolnaftate) 1 % topical powder,25-34,Athlete's Foot,9/8/16,5,4,Male,1,4
antifungal (tolnaftate) 1 % topical powder,25-34,Athlete's Foot,5/26/11,4,1,Male,1,1
antihistamine,19-24,Inflammation of the Nose due to an Allergy,4/3/15,5,4,Male,2,4
"anucort-hc suppository, rectal",19-24,Hemorrhoids,5/13/10,4,3,Female,2,4
"anucort-hc suppository, rectal",19-24,Hemorrhoids,10/22/07,5,5,Female,6,5
"anusol-hc suppository, rectal",19-24,Hemorrhoids,3/3/20,5,5,Female,0,5
apri, ,Birth Control,4/29/08,5,5, ,0,5
apri,19-24,Birth Control,10/19/08,5,5,Female,0,5
apri,25-34,Birth Control,2/25/10,4,4,Female,0,2
apri,25-34,Birth Control,2/23/08,4,4,Female,0,4
apriso,25-34,Ulcerative Colitis currently Without Symptoms,4/2/10,4,4,Female,1,5
aprodine, ,Allergic Conjunctivitis,10/12/07,5,5, ,0,4
arava,55-64,Rheumatoid Arthritis,8/27/10,1,1,Female,7,1
arava, ,Rheumatoid Arthritis,10/15/08,5,4, ,2,4
arginine hcl (l-arginine) parenteral solution,13-18,Other,11/2/07,3,3,Male,0,3
aricept, ,Other,12/24/09,3,1,Female,0,1
aricept, ,Diffuse Lewy Body Disease,2/16/09,4,4, ,4,5
aricept, ,Mild to Moderate Alzheimer's Type Dementia,1/31/08,1,1, ,10,1
arimidex,55-64,Hormone Receptor Positive Postmenopausal Early Breast Cancer,12/8/09,4,1,Female,33,4
arimidex,75 or over,Hormone Receptor Positive Postmenopausal Early Breast Cancer,1/4/11,5,5,Female,29,5
aripiprazole,12-Jul,Other,9/22/08,3,1,Male,1,1
aripiprazole,19-24,Schizophrenia,10/16/07,5,1,Male,1,3
aripiprazole,25-34,Additional Medications to Treat Depression,11/18/09,3,3, ,2,3
aripiprazole odt,12-Jul,Other,9/22/08,3,1,Male,1,1
aripiprazole odt,19-24,Schizophrenia,10/16/07,5,1,Male,1,3
aripiprazole odt,25-34,Additional Medications to Treat Depression,11/18/09,3,3, ,2,3
aripiprazole tablet with sensor and patch,12-Jul,Other,9/22/08,3,1,Male,1,1
aripiprazole tablet with sensor and patch,19-24,Schizophrenia,10/16/07,5,1,Male,1,3
aripiprazole tablet with sensor and patch,25-34,Additional Medications to Treat Depression,11/18/09,3,3, ,2,3
arixtra syringe,13-18,Acute Blood Clot in a Blood Vessel Supplying the Lungs,8/27/09,5,1,Male,0,4
arixtra syringe,19-24,Deep Vein Thrombosis Prevention,3/26/10,3,3,Female,2,4
arixtra syringe,25-34,Treatment to Prevent a Blood Clot in the Lung,11/25/11,4,5,Male,0,5
armour thyroid, ,Other,1/20/14,4,4, ,1,5
armour thyroid, ,Underactive Thyroid,1/21/13,5,1,Female,4,1
armour thyroid, ,Underactive Thyroid,1/11/13,4,4, ,3,3
armour thyroid, ,Underactive Thyroid,10/4/07,5,5,Female,18,4
armour thyroid,13-18,Underactive Thyroid,1/13/16,5,5,Female,1,5
armour thyroid,25-34,Underactive Thyroid,3/3/15,5,5,Female,6,5
armour thyroid,25-34,Underactive Thyroid,6/19/12,5,5,Female,2,5
armour thyroid,25-34,Underactive Thyroid,4/8/08,4,4,Female,1,4
arthritis pain,25-34,Migraine Headache,9/26/12,5,4, ,0,3
arthrotec 50, ,Osteoarthritis and High Risk of Developing Gastric Ulcers,4/19/11,3,3, ,0,3
arthrotec 50,25-34,Osteoarthritis and High Risk of Developing Gastric Ulcers,12/11/07,5,5,Female,5,4
arthrotec 75, ,Other,1/2/12,3,3, ,3,3
arthrotec 75, ,Rheumatic Disease causing Pain & Stiffness in Backbone,11/19/11,5,5, ,0,3
arthrotec 75,19-24,Other,2/9/10,4,1,Male,2,1
ascomp with codeine,25-34,Tension Headache,8/9/10,5,5,Female,3,4
asmanex twisthaler 220 mcg (120 doses) breath activated,12-Jul,Asthma,6/12/08,4,2,Female,0,2
asmanex twisthaler 220 mcg (120 doses) breath activated, ,Asthma,11/11/13,5,4,Female,1,3
asmanex twisthaler 220 mcg (120 doses) breath activated, ,Asthma,7/30/10,5,5, ,1,5
asmanex twisthaler 220 mcg (120 doses) breath activated,13-18,Asthma,12/4/07,5,5,Male,5,5
asmanex twisthaler 220 mcg (120 doses) breath activated,19-24,Asthma,10/16/08,4,4,Female,1,4
aspirin, ,Acute Thromboembolic Stroke,4/9/12,1,1, ,0,1
aspirin, ,Painful Periods,7/31/09,4,5,Female,0,5
aspirin,19-24,Acute Thromboembolic Stroke,11/4/14,1,4,Male,0,5
aspirin,25-34,Fever,8/17/10,4,5,Female,0,3
aspirin,25-34,Other,6/12/08,3,3,Female,0,3
aspirin,25-34,Fever,6/9/08,3,3,Female,0,3
aspirin (bulk) 100 % powder, ,Other,4/30/13,4,4,Female,0,4
aspirin (bulk) 100 % powder,25-34,Other,11/4/14,5,5,Male,2,5
"aspirin capsule, extended release 24 hr (capsule, er hr)", ,Acute Thromboembolic Stroke,4/9/12,1,1, ,0,1
"aspirin capsule, extended release 24 hr (capsule, er hr)", ,Painful Periods,7/31/09,4,5,Female,0,5
"aspirin capsule, extended release 24 hr (capsule, er hr)",19-24,Acute Thromboembolic Stroke,11/4/14,1,4,Male,0,5
"aspirin capsule, extended release 24 hr (capsule, er hr)",25-34,Fever,8/17/10,4,5,Female,0,3
"aspirin capsule, extended release 24 hr (capsule, er hr)",25-34,Other,6/12/08,3,3,Female,0,3
"aspirin capsule, extended release 24 hr (capsule, er hr)",25-34,Fever,6/9/08,3,3,Female,0,3
aspirin tablet, ,Acute Thromboembolic Stroke,4/9/12,1,1, ,0,1
aspirin tablet, ,Painful Periods,7/31/09,4,5,Female,0,5
aspirin tablet,19-24,Acute Thromboembolic Stroke,11/4/14,1,4,Male,0,5
aspirin tablet,25-34,Fever,8/17/10,4,5,Female,0,3
aspirin tablet,25-34,Other,6/12/08,3,3,Female,0,3
aspirin tablet,25-34,Fever,6/9/08,3,3,Female,0,3
atacand hct, ,High Blood Pressure,3/3/10,5,5, ,3,5
atenolol, ,High Blood Pressure,3/31/14,5,4, ,5,4
atenolol, ,Angina,7/24/08,1,1,Female,2,1
atenolol, ,High Blood Pressure,9/29/12,5,4, ,2,4
atenolol, ,High Blood Pressure,5/30/10,4,2, ,2,3
atenolol, ,High Blood Pressure,3/14/10,5,5, ,1,5
atenolol, ,High Blood Pressure,2/19/10,1,1,Female,3,1
atenolol, ,High Blood Pressure,11/17/09,4,4, ,0,4
atenolol, ,Hypertrophic Cardiomyopathy,5/14/09,3,2,Female,0,2
atenolol, ,Angina,2/17/08,1,1, ,1,1
atenolol, ,Ventricular Rate Control in Atrial Fibrillation,1/3/08,5,5,Female,8,4
atenolol, ,High Blood Pressure,11/26/07,5,5, ,2,5
atenolol, ,High Blood Pressure,11/13/07,5,5, ,2,5
atenolol, ,High Blood Pressure,11/7/07,5,5, ,3,5
atenolol, ,Migraine Prevention,10/10/07,5,5, ,19,5
atenolol,13-18,High Blood Pressure,7/15/13,5,5,Female,3,5
atenolol,13-18,High Blood Pressure,10/31/07,5,5,Female,6,5
atenolol,13-18,High Blood Pressure,10/27/07,5,4,Female,5,5
atenolol,19-24,Other,10/22/08,2,5,Female,1,3
atenolol,19-24,Rapid Ventricular Heartbeat,11/18/10,5,5,Female,0,5
atenolol,19-24,High Blood Pressure,9/29/09,5,5,Female,1,5
atenolol,19-24,Rapid Ventricular Heartbeat,9/23/09,5,5,Female,0,5
atenolol,19-24,Mitral Valve Prolapse Syndrome,11/3/07,5,5,Female,6,5
atenolol,19-24,Mitral Valve Prolapse Syndrome,10/26/07,5,5,Female,4,5
atenolol,25-34,Overactive Thyroid causing Life-Threatening Symptoms,10/3/13,2,2,Female,0,3
atenolol,25-34,Rapid Ventricular Heartbeat,10/30/08,5,4,Female,1,4
atenolol,25-34,Angina,8/8/12,5,4,Female,1,5
atenolol,25-34,Overactive Thyroid causing Life-Threatening Symptoms,12/28/10,4,4,Female,0,4
atenolol,25-34,Other,4/1/10,3,4,Female,0,3
atenolol,25-34,High Blood Pressure,3/1/10,4,3,Female,2,3
atenolol,25-34,High Blood Pressure,1/12/10,5,5,Male,4,5
atenolol,25-34,Migraine Prevention,12/16/09,5,5,Male,0,5
atenolol,25-34,Ventricular Rate Control in Atrial Fibrillation,6/30/09,5,5,Female,0,5
atenolol,25-34,High Blood Pressure,3/12/09,5,5,Female,0,5
atenolol,25-34,High Blood Pressure,3/10/09,5,4,Female,0,4
atenolol-chlorthalidone,25-34,High Blood Pressure,11/30/08,4,3,Female,1,4
ativan, ,Anxious,7/13/15,3,3,Male,0,3
ativan, ,Anxious,1/6/14,3,5,Male,6,4
ativan, ,Anxious,12/16/08,2,2, ,1,3
ativan, ,Anxious,8/27/13,5,5,Female,8,4
ativan, ,Anxious,12/24/11,3,3, ,2,3
ativan, ,Anxious,1/23/11,5,3,Female,2,4
ativan, ,Anxious,2/2/10,4,4, ,0,4
ativan, ,Chronic Trouble Sleeping,9/29/09,5,5, ,0,5
ativan, ,Anxious,6/15/09,3,3, ,0,4
ativan, ,Anxious,5/28/08,3,3, ,1,3
ativan, ,Anxious,4/23/08,5,3,Male,0,3
ativan, ,Anxious,4/20/08,1,1, ,1,1
ativan, ,Other,3/21/08,1,1,Female,2,1
ativan, ,Chronic Trouble Sleeping,1/1/08,5,5, ,3,5
ativan, ,Anxious,12/30/07,5,5, ,4,5
ativan, ,Anxious,12/19/07,4,5, ,3,5
ativan, ,Tension Headache,11/6/07,5,5,Female,7,5
ativan, ,Anxious,11/5/07,5,5, ,4,5
ativan,13-18,Anxious,7/14/09,5,5,Female,0,5
ativan,13-18,Anxious,12/29/07,4,4,Male,0,4
ativan,13-18,Anxious,10/2/07,5,5,Male,1,5
ativan,19-24,Other,3/5/09,5,5,Female,0,5
ativan,19-24,Anxious,2/10/09,5,3,Female,3,3
ativan,19-24,Anxious,10/15/12,5,5,Male,1,5
ativan,19-24,Anxious,2/2/10,5,5, ,0,5
ativan,19-24,Anxious,12/18/09,5,5,Female,0,5
ativan,19-24,Anxious,6/15/09,1,1,Female,2,1
ativan,19-24,Anxious,5/20/09,3,3,Female,1,3
ativan,19-24,Anxious,6/2/08,5,5,Female,0,4
ativan,19-24,Anxious,5/1/08,2,2,Male,1,2
ativan,19-24,Anxious,4/5/08,5,5,Female,1,5
ativan,19-24,Anxious,2/23/08,5,4,Female,0,4
ativan,19-24,Anxious,10/11/07,5,5,Female,1,4
ativan,19-24,Anxious,12/9/07,5,5,Female,2,5
